token_address,from_address,to_address,value,transaction_hash,log_index,block_number
0x423f4e6138e475d85cf7ea071ac92097ed631eea,0xa06591252908576a0f64a8560ec0c8051782377c,0x3fc91a3afd70395cd496c647d5a6cc9d4b2b7fad,2129879699092693485331091333,0x4e2174ec6565c67b1b209b34d7e9468fb12cbd38663889a5124cf47049515f27,414,18978723
0xc02aaa39b223fe8d0a0e5c4f27ead9083c756cc2,0x3fc91a3afd70395cd496c647d5a6cc9d4b2b7fad,0xa06591252908576a0f64a8560ec0c8051782377c,380000000000000000,0x4e2174ec6565c67b1b209b34d7e9468fb12cbd38663889a5124cf47049515f27,415,18978723
0x423f4e6138e475d85cf7ea071ac92097ed631eea,0x3fc91a3afd70395cd496c647d5a6cc9d4b2b7fad,0x17cc6042605381c158d2adab487434bde79aa61c,21298796990926934853310913,0x4e2174ec6565c67b1b209b34d7e9468fb12cbd38663889a5124cf47049515f27,417,18978723
0x423f4e6138e475d85cf7ea071ac92097ed631eea,0x3fc91a3afd70395cd496c647d5a6cc9d4b2b7fad,0x1f11a74f4b72ff353abbe9fcaf3382c08b1fe0d5,2108580902101766550477780420,0x4e2174ec6565c67b1b209b34d7e9468fb12cbd38663889a5124cf47049515f27,418,18978723
0xda31d0d1bc934fc34f7189e38a413ca0a5e8b44f,0xe21876afd4c632b22870df250e5df1754c1875e8,0x4f28728d22f8c2e2c9083b1851ff9414195f1813,2541572915698585411929,0xac6007e375a4702fbd694f4bca8e5a4aaeee0759edf69b0be7f98e78df7d6366,421,18978723
0xc02aaa39b223fe8d0a0e5c4f27ead9083c756cc2,0x3fc91a3afd70395cd496c647d5a6cc9d4b2b7fad,0xe21876afd4c632b22870df250e5df1754c1875e8,3040000000000000000,0xac6007e375a4702fbd694f4bca8e5a4aaeee0759edf69b0be7f98e78df7d6366,422,18978723
0xdac17f958d2ee523a2206206994597c13d831ec7,0x4a5446832089616a3ee6d602fd0252789a765f50,0xbafbb0e7dc78c0850ff20c5d6343ea8c4e308a3a,500000000,0xbc73c4f617be2d34fb201afeab3a1438008a48751dfa73ea9faceae8b1784c7b,424,18978723
0xc02aaa39b223fe8d0a0e5c4f27ead9083c756cc2,0xa06591252908576a0f64a8560ec0c8051782377c,0x3fc91a3afd70395cd496c647d5a6cc9d4b2b7fad,1383809018924753394,0xdf27626401303d9650231997843dad71694147a33d300adba0d820b8913ecbdb,427,18978723
0x423f4e6138e475d85cf7ea071ac92097ed631eea,0x9c298985c83a21ef832f757c34c66fed18146245,0xa06591252908576a0f64a8560ec0c8051782377c,7837525263984061769117652640,0xdf27626401303d9650231997843dad71694147a33d300adba0d820b8913ecbdb,428,18978723
0xc02aaa39b223fe8d0a0e5c4f27ead9083c756cc2,0x3fc91a3afd70395cd496c647d5a6cc9d4b2b7fad,0x00befcb6fd36dd54127eae3bab1ff39538da49dd,270000000000000000,0x2012f09e89ab31dde7037f146ae5f4c39e1b6063250778662c4da11915c2dfae,432,18978723
0xeac32927cf2785cbe0d515298cab448538a8cdd7,0x00befcb6fd36dd54127eae3bab1ff39538da49dd,0x10b9c1b7063280bfce1b491b4c08ac24dc004d97,181603235955360,0x2012f09e89ab31dde7037f146ae5f4c39e1b6063250778662c4da11915c2dfae,433,18978723
0x2260fac5e5542a773aa44fbcfedf7c193bc2c599,0x62fd29560761a78f09e9ae2b39e309b45fe0f3e3,0x1231deb6f5749ef6ce6943a275a1d3e7486f4eae,50000000,0x4f78fa8e7ba348e11f1a88db36405b4a401fa5ce8c371ef9a72736014e2e3314,436,18978723
0x2260fac5e5542a773aa44fbcfedf7c193bc2c599,0x1231deb6f5749ef6ce6943a275a1d3e7486f4eae,0x5c7bcd6e7de5423a257d81b442095a1a6ced35c5,50000000,0x4f78fa8e7ba348e11f1a88db36405b4a401fa5ce8c371ef9a72736014e2e3314,437,18978723
0x1294f4183763743c7c9519bec51773fb3acd78fd,0x937c7d9969102dd14e2b34c340396f262b1b9706,0x42bdd5167481650e2b7215580832f28f5d90a189,532698165798516781086106,0xf885c4b2d6ca510820283e5eac466de7597b4f13b3003c663d1a7db78f4c13cb,440,18978723
0xa0b86991c6218b36c1d19d4a2e9eb0ce3606eb48,0x722b7fda3af8afc03c20a05b81f916608dadc518,0xf773efbb475217c87d430ddc4869ccf4c19d9ac5,117810000,0x0d236fde3e89f1398cf5c306545d06a48e2a529adff064ba37469f838ae2b0eb,444,18978723
0x0000000000a39bb272e79075ade125fd351887ac,0xe6da1d19fdcec179ba9755f2c6139f8ffecbfeb0,0x0000000000000000000000000000000000000000,2000000000000000000,0xd03a5321096255dd749699a4e4a9f2df1789bf970302c45617c0e3869b6ce395,445,18978723
0xdac17f958d2ee523a2206206994597c13d831ec7,0x3e0f60ccf1cc5a21b05d9d0bd45dfa33f2a8b83e,0xbe88491a419b4462ac89047863fbd6d58f8ffd0d,50000000000,0xade660fd5b2f2e9478471de29cc6770d673d3b85489730b147497bb322c3543b,453,18978723
0xdac17f958d2ee523a2206206994597c13d831ec7,0x171c53d55b1bcb725f660677d9e8bad7fd084282,0x22f9dcf4647084d6c31b2765f6910cd85c178c18,1681857000000,0x044348c7168b8563dcf794004bc941ff980a33dd9e50b23c68e326307dfe561c,454,18978723
0xc02aaa39b223fe8d0a0e5c4f27ead9083c756cc2,0xe8cfad4c75a5e1caf939fd80afcf837dde340a69,0x11950d141ecb863f01007add7d1a342041227b58,6436069036316764864,0xca1f6f54ab136cce7af58e2249346b05974d996809f8b16442fcea4bf114474a,11,18978723
0xdac17f958d2ee523a2206206994597c13d831ec7,0x22f9dcf4647084d6c31b2765f6910cd85c178c18,0xbebc44782c7db0a1a60cb6fe97d0b483032ff1c7,1387532025000,0x044348c7168b8563dcf794004bc941ff980a33dd9e50b23c68e326307dfe561c,455,18978723
0xdac17f958d2ee523a2206206994597c13d831ec7,0x402c7f2c17a0bfc9117b4f7e71456a8c69388eb6,0xaead78e74fccf70a1bb7eadd774a6c503232098e,11000000000,0xd2f386ad54b4a0ca2fb1f878a89e72e2a78933250a61ea90f61b103a4f95fd82,111,18978723
0xb62e45c3df611dce236a6ddc7a493d79f9dfadef,0x802920f421be5873f53ebdd8d88778fc94fd9186,0xacfc50ec5fe0fd039e83380b8ab343b77a49704f,90970000000000000000000,0xd611e962a27093579d514c15ecced0da3fd67d386ab8522a4f922180c68553d8,13,18978723
0x0f71b8de197a1c84d31de0f1fa7926c365f052b3,0xf6d1787ff52afd872156f764569f7b819c38e63e,0xf2b15283d7331e5cd10bb8e2a9c2440e10925121,13417111860277377276332,0x18bffd83b58920d888c869f03cf275c24c6dd8aad1530a7b9501931980fea879,213,18978723
0x6b175474e89094c44da98b954eedeac495271d0f,0xbebc44782c7db0a1a60cb6fe97d0b483032ff1c7,0x22f9dcf4647084d6c31b2765f6910cd85c178c18,1387804127548423375165808,0x044348c7168b8563dcf794004bc941ff980a33dd9e50b23c68e326307dfe561c,456,18978723
0xdac17f958d2ee523a2206206994597c13d831ec7,0x27317df4264ead2abc85a46947ab604014531915,0x0857ef8f89485ab841b8005320ebe847e65f28b8,6000000000,0x06dc6f0274bca74ddabe26ae0be5be8d6720ff559559a32406808dab79fa8402,312,18978723
0xdac17f958d2ee523a2206206994597c13d831ec7,0x4c9af439b1a6761b8e549d8d226a468a6b2803a8,0xecc64e3f8126d270d6b4727614c77b18155f3253,64020000,0x5d6874919004a2b03e65fa97f11b31120ed093dde205545965ab05c3eb5c5784,114,18978723
0xc02aaa39b223fe8d0a0e5c4f27ead9083c756cc2,0xacfc50ec5fe0fd039e83380b8ab343b77a49704f,0x802920f421be5873f53ebdd8d88778fc94fd9186,615505634271428608,0xd611e962a27093579d514c15ecced0da3fd67d386ab8522a4f922180c68553d8,14,18978723
0xdac17f958d2ee523a2206206994597c13d831ec7,0x0f8f67a30f567e0b181600d7e7ef5d4d00352e85,0x73c92c83bc501f65105256ad80999140d891ebb2,270000000,0x42af02779e3c5e6b200b0725a532f0a24b6d929c02b8cae044afeead839bbfef,215,18978723
0xdac17f958d2ee523a2206206994597c13d831ec7,0x22f9dcf4647084d6c31b2765f6910cd85c178c18,0x3058ef90929cb8180174d74c507176cca6835d73,294324975000,0x044348c7168b8563dcf794004bc941ff980a33dd9e50b23c68e326307dfe561c,459,18978723
0x12787526c03d626aac88e6edc4d0fb930d86c631,0x5b0f44082743e72b440ceb6eb530ac83e95eba25,0x70c7af7a78b5453e4a09376eb2b506ce4e4140e5,615,0x89f2eb96760d935f6b432eafed1571910516904cb2db424474ec8ed682b5ca7f,314,18978723
0xdac17f958d2ee523a2206206994597c13d831ec7,0x4f6885a1581a49a4d2bcc01f7eb85fb90462a164,0xb327f5b0b04ac1273df13fd479608e0d45077f4d,2000000000,0x810abd8d09f06b7b5d09b02903d35f662c8d4b6c68c6b2ca149a915730c52b35,116,18978723
0xdac17f958d2ee523a2206206994597c13d831ec7,0x11b815efb8f581194ae79006d24e0d814b7697f6,0x3fc91a3afd70395cd496c647d5a6cc9d4b2b7fad,5442910156,0xf4c9b0c1c30192fa24d28e2b4374384d0193a30f2d1fbea704c1d46dcaa958e1,18,18978723
0x423f4e6138e475d85cf7ea071ac92097ed631eea,0xa06591252908576a0f64a8560ec0c8051782377c,0x3fc91a3afd70395cd496c647d5a6cc9d4b2b7fad,281923085547653231932078751,0xe5769275371fa18e3853f29581654822d98442b3188dad6fa512afa42d833cbc,217,18978723
0x6b175474e89094c44da98b954eedeac495271d0f,0x3058ef90929cb8180174d74c507176cca6835d73,0x22f9dcf4647084d6c31b2765f6910cd85c178c18,294411054113471687591469,0x044348c7168b8563dcf794004bc941ff980a33dd9e50b23c68e326307dfe561c,460,18978723
0x12787526c03d626aac88e6edc4d0fb930d86c631,0x5b0f44082743e72b440ceb6eb530ac83e95eba25,0x70c7af7a78b5453e4a09376eb2b506ce4e4140e5,1946,0x89f2eb96760d935f6b432eafed1571910516904cb2db424474ec8ed682b5ca7f,317,18978723
0x519c1001d550c0a1dae7d1fc220f7d14c2a521bb,0x04ed15a29addad1e8189026d17879403997050a3,0xc36442b4a4522e871399cd717abdd847ab11fe88,5445956427637070200519737,0xc9975e65e4f93e093ae3b1f2940efbb23e60ef337c7ec3a30400e08e1905bf02,119,18978723
0xc02aaa39b223fe8d0a0e5c4f27ead9083c756cc2,0x3fc91a3afd70395cd496c647d5a6cc9d4b2b7fad,0x11b815efb8f581194ae79006d24e0d814b7697f6,2200000000000000000,0xf4c9b0c1c30192fa24d28e2b4374384d0193a30f2d1fbea704c1d46dcaa958e1,19,18978723
0xc02aaa39b223fe8d0a0e5c4f27ead9083c756cc2,0x3fc91a3afd70395cd496c647d5a6cc9d4b2b7fad,0xa06591252908576a0f64a8560ec0c8051782377c,50633686291043493,0xe5769275371fa18e3853f29581654822d98442b3188dad6fa512afa42d833cbc,218,18978723
0x6b175474e89094c44da98b954eedeac495271d0f,0x3058ef90929cb8180174d74c507176cca6835d73,0x95c4f5b83aa70810d4f142d58e5f7242bd891cb0,2944139982534542221,0x044348c7168b8563dcf794004bc941ff980a33dd9e50b23c68e326307dfe561c,461,18978723
0xdac17f958d2ee523a2206206994597c13d831ec7,0xf6e55ede3c13d13ae97a4032b8b28030eec6f6d9,0x6bfbb4e87b3ad1f6efa0268c13718d22fb9e12b0,2500000000,0xef83ae8ad59d9c4ac50018bbc60556bc42818ad0b47dcedd1b2d15ef32827ff5,319,18978723
0xc02aaa39b223fe8d0a0e5c4f27ead9083c756cc2,0x04ed15a29addad1e8189026d17879403997050a3,0xc36442b4a4522e871399cd717abdd847ab11fe88,4965727343214116412,0xc9975e65e4f93e093ae3b1f2940efbb23e60ef337c7ec3a30400e08e1905bf02,120,18978723
0xdac17f958d2ee523a2206206994597c13d831ec7,0x3fc91a3afd70395cd496c647d5a6cc9d4b2b7fad,0x37a8f295612602f2774d331e562be9e61b83a327,8164365,0xf4c9b0c1c30192fa24d28e2b4374384d0193a30f2d1fbea704c1d46dcaa958e1,21,18978723
0x423f4e6138e475d85cf7ea071ac92097ed631eea,0x3fc91a3afd70395cd496c647d5a6cc9d4b2b7fad,0x17cc6042605381c158d2adab487434bde79aa61c,2819230855476532319320787,0xe5769275371fa18e3853f29581654822d98442b3188dad6fa512afa42d833cbc,220,18978723
0x6b175474e89094c44da98b954eedeac495271d0f,0x22f9dcf4647084d6c31b2765f6910cd85c178c18,0x171c53d55b1bcb725f660677d9e8bad7fd084282,1682215181661895062757277,0x044348c7168b8563dcf794004bc941ff980a33dd9e50b23c68e326307dfe561c,464,18978723
0x423f4e6138e475d85cf7ea071ac92097ed631eea,0xa06591252908576a0f64a8560ec0c8051782377c,0xcc60a10a31e05a1fd3e8a5872e0ad9de0e9a7325,665697856344397606701354367,0x7ead7edd405e3031ae331d7679acdc2831ef72db525bcd1b0c02d8c4154fab26,321,18978723
0x519c1001d550c0a1dae7d1fc220f7d14c2a521bb,0xc36442b4a4522e871399cd717abdd847ab11fe88,0xb550c1d0df798dd75971f328170bbb903c606ead,5445956427637070200519737,0xc9975e65e4f93e093ae3b1f2940efbb23e60ef337c7ec3a30400e08e1905bf02,124,18978723
0xdac17f958d2ee523a2206206994597c13d831ec7,0x3fc91a3afd70395cd496c647d5a6cc9d4b2b7fad,0xd7184482ec7d2b249f893f57f1d1b490c766b8c1,5434745791,0xf4c9b0c1c30192fa24d28e2b4374384d0193a30f2d1fbea704c1d46dcaa958e1,22,18978723
0x423f4e6138e475d85cf7ea071ac92097ed631eea,0x3fc91a3afd70395cd496c647d5a6cc9d4b2b7fad,0xe964f458df76f554e7130ede9b7fe31955147b90,279103854692176699612757964,0xe5769275371fa18e3853f29581654822d98442b3188dad6fa512afa42d833cbc,221,18978723
0xa0b86991c6218b36c1d19d4a2e9eb0ce3606eb48,0x5cae66ad2db4a65cbff17c47118a885ce0af24aa,0xae136e9e220d15985126172c1adfb27608fc34e3,20250000,0xe92dab16f90711c582d92591369a094a9ce8ebf3886da60edca7bb7fa628cbc1,466,18978723
0xc02aaa39b223fe8d0a0e5c4f27ead9083c756cc2,0x3fc91a3afd70395cd496c647d5a6cc9d4b2b7fad,0xa06591252908576a0f64a8560ec0c8051782377c,120000000000000000,0x7ead7edd405e3031ae331d7679acdc2831ef72db525bcd1b0c02d8c4154fab26,322,18978723
0xc011a73ee8576fb46f5e1c5751ca3b9fe0af2a6f,0x6cc5f688a315f3dc28a7781717a9a798a59fda7b,0x849c0f839f9700232b05d040484dc01de333cdb1,1251318431480000000000,0x2d27ec9803cca2eaa80a099fbce82628eab91628e3a058e8580ae2b997c24a26,125,18978723
0xc02aaa39b223fe8d0a0e5c4f27ead9083c756cc2,0x11b815efb8f581194ae79006d24e0d814b7697f6,0x51c72848c68a965f66fa7a88855f9f7784502a7f,15075298662483669951,0x8c3a413c6d7eced337f67a05c5b68136ac431ec16610447601e2b757fc2e0262,23,18978723
0xc02aaa39b223fe8d0a0e5c4f27ead9083c756cc2,0xcbcdf9626bc03e24f779434178a73a0b4bad62ed,0x3fc91a3afd70395cd496c647d5a6cc9d4b2b7fad,336112683211910034,0xdcfc6c89e0df0f83ca704313dc18c23d31fd5545168d8e99a3a5131ecbd99100,223,18978723
0x059956483753947536204e89bfad909e1a434cc6,0x3622207261026fc3fc30492ecc2cc260cdd989b0,0x79dd32391d31b31ac87d725adcf4e803bb8fdd8b,100000000000000000000000,0xf3d6caa47934ad682aaedbb3f3bf50a29fe7f7a99a44497d017c1d2fe203987f,467,18978723
0xc02aaa39b223fe8d0a0e5c4f27ead9083c756cc2,0xa06591252908576a0f64a8560ec0c8051782377c,0x3fc91a3afd70395cd496c647d5a6cc9d4b2b7fad,1426057778081319851,0x8115aaf271d7e734c6efb745100b290dabc76260d0a3ddace4bcd5cf88d95e2c,325,18978723
0xc02aaa39b223fe8d0a0e5c4f27ead9083c756cc2,0x1111111254eeb25477b68fb85ed929f73a960582,0xb4e16d0168e52d35cacd2c6185b44281ec28c9dc,81282500000000000,0x79de0505b8b7dc8cac8edac65ec5a820aff7d957d535d146287e439c898f6ddf,127,18978723
0xdac17f958d2ee523a2206206994597c13d831ec7,0x51c72848c68a965f66fa7a88855f9f7784502a7f,0x11b815efb8f581194ae79006d24e0d814b7697f6,37350175664,0x8c3a413c6d7eced337f67a05c5b68136ac431ec16610447601e2b757fc2e0262,24,18978723
0x2260fac5e5542a773aa44fbcfedf7c193bc2c599,0x28a6a5330197c09467c1a53659254e35c3308a70,0xcbcdf9626bc03e24f779434178a73a0b4bad62ed,1800000,0xdcfc6c89e0df0f83ca704313dc18c23d31fd5545168d8e99a3a5131ecbd99100,224,18978723
0xa0b86991c6218b36c1d19d4a2e9eb0ce3606eb48,0x14e339f93d068397ddd15d69a7ff17675bea3423,0x5e0f2f9f0b7bef66650d259a9eaa71e72b5980a2,243537286,0x0bc0a6d9e7a5d7e86d5aacd943c9d29d9fb0535b30a56a5c2d08a0c7dc63d894,468,18978723
0x423f4e6138e475d85cf7ea071ac92097ed631eea,0x628c10bc9b27e1215f68130c26e90c2d21e2058a,0xa06591252908576a0f64a8560ec0c8051782377c,8004388692332681942100771960,0x8115aaf271d7e734c6efb745100b290dabc76260d0a3ddace4bcd5cf88d95e2c,326,18978723
0xa0b86991c6218b36c1d19d4a2e9eb0ce3606eb48,0xb4e16d0168e52d35cacd2c6185b44281ec28c9dc,0x74de5d4fcbf63e00296fd95d33236b9794016631,200489200,0x79de0505b8b7dc8cac8edac65ec5a820aff7d957d535d146287e439c898f6ddf,128,18978723
0xc02aaa39b223fe8d0a0e5c4f27ead9083c756cc2,0xcbcdf9626bc03e24f779434178a73a0b4bad62ed,0x51c72848c68a965f66fa7a88855f9f7784502a7f,20829052423344997582,0xe196ed49a808b67ccd4cd729f267f9e23e87da4ebbd0c9be9f59c9eb09955f49,26,18978723
0x423f4e6138e475d85cf7ea071ac92097ed631eea,0xa06591252908576a0f64a8560ec0c8051782377c,0x3fc91a3afd70395cd496c647d5a6cc9d4b2b7fad,1868288313970625971964838380,0xdcfc6c89e0df0f83ca704313dc18c23d31fd5545168d8e99a3a5131ecbd99100,226,18978723
0x3597bfd533a99c9aa083587b074434e61eb0a258,0xe503af09a19fe6bed61f32f7a2d4505a80324e94,0xbbde8da5ed6f4b40025cf0ef799f59a624ec88f7,45283600000000,0x3c84052ba2d0d39b24a18f52f09cc768834ad71c760333e53c5d4e3efdddbdee,469,18978723
0x2260fac5e5542a773aa44fbcfedf7c193bc2c599,0x4585fe77225b41b697c938b018e2ac67ac5a20c0,0x3fc91a3afd70395cd496c647d5a6cc9d4b2b7fad,7630164,0x8115aaf271d7e734c6efb745100b290dabc76260d0a3ddace4bcd5cf88d95e2c,328,18978723
0xa0b86991c6218b36c1d19d4a2e9eb0ce3606eb48,0x74de5d4fcbf63e00296fd95d33236b9794016631,0x5f1ed62eba2c0178707f3f5c6a70d86cf66faf5b,200489200,0x79de0505b8b7dc8cac8edac65ec5a820aff7d957d535d146287e439c898f6ddf,132,18978723
0x2260fac5e5542a773aa44fbcfedf7c193bc2c599,0x51c72848c68a965f66fa7a88855f9f7784502a7f,0xcbcdf9626bc03e24f779434178a73a0b4bad62ed,111539597,0xe196ed49a808b67ccd4cd729f267f9e23e87da4ebbd0c9be9f59c9eb09955f49,27,18978723
0xc02aaa39b223fe8d0a0e5c4f27ead9083c756cc2,0x3fc91a3afd70395cd496c647d5a6cc9d4b2b7fad,0xa06591252908576a0f64a8560ec0c8051782377c,336112683211910034,0xdcfc6c89e0df0f83ca704313dc18c23d31fd5545168d8e99a3a5131ecbd99100,227,18978723
0xae7ab96520de3a18e5e111b5eaab095312d7fe84,0x0000000000000000000000000000000000000000,0xcc9f20a280c8f91e85112ccaa909b88ef4cd47d3,91234293084423411,0x7cbce309f62a0a7bed100c545b626e6905a0af580cd29afacc1aebd62096cdba,474,18978723
0xc02aaa39b223fe8d0a0e5c4f27ead9083c756cc2,0x3fc91a3afd70395cd496c647d5a6cc9d4b2b7fad,0x4585fe77225b41b697c938b018e2ac67ac5a20c0,1426057778081319851,0x8115aaf271d7e734c6efb745100b290dabc76260d0a3ddace4bcd5cf88d95e2c,329,18978723
0xdac17f958d2ee523a2206206994597c13d831ec7,0xa8d9e0b398e41fe4c09cb04ac95883ed23311fa9,0x5f865c05ce594266a782b36c90fd132aa7555695,4242320000,0xd74ebed7701ba5e9110679a8c71e26607f83685589c8efa6f2cf37de8b693c62,134,18978723
0xeac32927cf2785cbe0d515298cab448538a8cdd7,0xeac32927cf2785cbe0d515298cab448538a8cdd7,0x00befcb6fd36dd54127eae3bab1ff39538da49dd,26996286101687,0xb51f9dfd0b3c4b876fa065aefa058eff72139801668295288ad45b6733d43f24,31,18978723
0x423f4e6138e475d85cf7ea071ac92097ed631eea,0x3fc91a3afd70395cd496c647d5a6cc9d4b2b7fad,0x17cc6042605381c158d2adab487434bde79aa61c,18682883139706259719648383,0xdcfc6c89e0df0f83ca704313dc18c23d31fd5545168d8e99a3a5131ecbd99100,229,18978723
0xc02aaa39b223fe8d0a0e5c4f27ead9083c756cc2,0x1111111254eeb25477b68fb85ed929f73a960582,0x629d22e6eeac46a11dbc96be93b90aee9309be4c,2803100000000000,0x15d8388ec4fd0eaa77f133d0e70d021f54391cd15ed03e4673bc3c5f7a1d4bdb,477,18978723
0x2260fac5e5542a773aa44fbcfedf7c193bc2c599,0x3fc91a3afd70395cd496c647d5a6cc9d4b2b7fad,0x17cc6042605381c158d2adab487434bde79aa61c,76301,0x8115aaf271d7e734c6efb745100b290dabc76260d0a3ddace4bcd5cf88d95e2c,331,18978723
0x2260fac5e5542a773aa44fbcfedf7c193bc2c599,0x1a0459cade0a33b9b054ba6f3942156ea183c41f,0x5ee5bf7ae06d1be5997a1a72006fe6c607ec6de8,67494290,0x32de07947c9190224d09cc5e6699756057372012d06e5e5cb98430589aeb110a,138,18978723
0xc02aaa39b223fe8d0a0e5c4f27ead9083c756cc2,0x00befcb6fd36dd54127eae3bab1ff39538da49dd,0x7a250d5630b4cf539739df2c5dacb4c659f2488d,38535802030473976,0xb51f9dfd0b3c4b876fa065aefa058eff72139801668295288ad45b6733d43f24,33,18978723
0x423f4e6138e475d85cf7ea071ac92097ed631eea,0x3fc91a3afd70395cd496c647d5a6cc9d4b2b7fad,0x28a6a5330197c09467c1a53659254e35c3308a70,1849605430830919712245189997,0xdcfc6c89e0df0f83ca704313dc18c23d31fd5545168d8e99a3a5131ecbd99100,230,18978723
0xaaaaaa20d9e0e2461697782ef11675f668207961,0x629d22e6eeac46a11dbc96be93b90aee9309be4c,0x1231deb6f5749ef6ce6943a275a1d3e7486f4eae,28242139931667835304,0x15d8388ec4fd0eaa77f133d0e70d021f54391cd15ed03e4673bc3c5f7a1d4bdb,478,18978723
0x2260fac5e5542a773aa44fbcfedf7c193bc2c599,0x3fc91a3afd70395cd496c647d5a6cc9d4b2b7fad,0x628c10bc9b27e1215f68130c26e90c2d21e2058a,7553863,0x8115aaf271d7e734c6efb745100b290dabc76260d0a3ddace4bcd5cf88d95e2c,332,18978723
0x5ee5bf7ae06d1be5997a1a72006fe6c607ec6de8,0x0000000000000000000000000000000000000000,0x1a0459cade0a33b9b054ba6f3942156ea183c41f,67494470,0x32de07947c9190224d09cc5e6699756057372012d06e5e5cb98430589aeb110a,139,18978723
0xeac32927cf2785cbe0d515298cab448538a8cdd7,0x529e4e101a56e270dd7181d576fd0bacf85a902d,0x00befcb6fd36dd54127eae3bab1ff39538da49dd,142500000000000,0xb51f9dfd0b3c4b876fa065aefa058eff72139801668295288ad45b6733d43f24,37,18978723
0xbbbbca6a901c926f240b89eacb641d8aec7aeafd,0x4302c27398994a37d1cae83e5b49e40de9e3658d,0xa527a4db7b4cab97d36a85de50cd561cf168bf67,13969520000000000000000,0x01c3bd0b9480b84867719051c70795784c47e19bfb410624e9ce80c88d9fd8fe,235,18978723
0xaaaaaa20d9e0e2461697782ef11675f668207961,0x1231deb6f5749ef6ce6943a275a1d3e7486f4eae,0x363041718320f1dc7ed7163b0cba8bca5425a005,28242139931667835304,0x15d8388ec4fd0eaa77f133d0e70d021f54391cd15ed03e4673bc3c5f7a1d4bdb,482,18978723
0xc02aaa39b223fe8d0a0e5c4f27ead9083c756cc2,0xdef1c0ded9bec7f1a1670819833240f027b25eff,0x0f23d49bc92ec52ff591d091b3e16c937034496e,6059357465734334,0x27be6d333b131f8cd47476b34a75a49d81db92b7147c2848697b1b5acb3a0283,335,18978723
0xc02aaa39b223fe8d0a0e5c4f27ead9083c756cc2,0x74de5d4fcbf63e00296fd95d33236b9794016631,0x51c72848c68a965f66fa7a88855f9f7784502a7f,3702286100000000000,0xf7a30b7ef77f575b9a14e684311fbc9b1d1dc806bfd8aa2ad2a72cc20bebd1f4,143,18978723
0xc02aaa39b223fe8d0a0e5c4f27ead9083c756cc2,0x00befcb6fd36dd54127eae3bab1ff39538da49dd,0x3328f7f4a1d1c57c35df56bbf0c9dcafca309c49,201353517600068197,0xb51f9dfd0b3c4b876fa065aefa058eff72139801668295288ad45b6733d43f24,39,18978723
0x6de037ef9ad2725eb40118bb1702ebb27e4aeb24,0x6955e2e7a8ff81417a619869bed5caf87dc3f999,0x22f9dcf4647084d6c31b2765f6910cd85c178c18,254463402556039656359,0x88ea21ad076cb72b9334624f9b5741d8a9ac4a2b679ece9a72ffe3590c9178ec,236,18978723
0xafb2f2d0279ff5d593bb00bd6f06475c1d8feae6,0x89468337b7f1d1bd814c827cdb431a583ef60d43,0x71b5759d73262fbb223956913ecf4ecc51057641,204000000000000000,0xa6c83bc1677475d45eeee4d5909df520da79186123949910f80ebc6faf2f5ecb,485,18978723
0x5026f006b85729a8b14553fae6af249ad16c9aab,0x0f23d49bc92ec52ff591d091b3e16c937034496e,0xc89827ad246f9424a8e4e351130eaf98e786f45b,53701403779967056488089,0x27be6d333b131f8cd47476b34a75a49d81db92b7147c2848697b1b5acb3a0283,336,18978723
0xdac17f958d2ee523a2206206994597c13d831ec7,0x51c72848c68a965f66fa7a88855f9f7784502a7f,0x74de5d4fcbf63e00296fd95d33236b9794016631,9169073908,0xf7a30b7ef77f575b9a14e684311fbc9b1d1dc806bfd8aa2ad2a72cc20bebd1f4,144,18978723
0x5b7533812759b45c2b44c19e320ba2cd2681b542,0x5bdf85216ec1e38d6458c870992a69e38e03f7ef,0xfd11992c09d8411954be1c37da31ab2de7795811,47432000000,0x6a99f22ebb1f118e27628cb103c3b574813f02602580551b5deacf0f95ea261c,45,18978723
0xc02aaa39b223fe8d0a0e5c4f27ead9083c756cc2,0xe936f0073549ad8b1fa53583600d629ba9375161,0x22f9dcf4647084d6c31b2765f6910cd85c178c18,408180698861748962,0x88ea21ad076cb72b9334624f9b5741d8a9ac4a2b679ece9a72ffe3590c9178ec,237,18978723
0xc02aaa39b223fe8d0a0e5c4f27ead9083c756cc2,0xe37e799d5077682fa0a244d46e5649f71457bd09,0x1111111254eeb25477b68fb85ed929f73a960582,412900000000000000,0xb0891f90a28fbff39ec3ac5621146a7136f44998ef933fd5f4f264acd2776abc,490,18978723
0xc02aaa39b223fe8d0a0e5c4f27ead9083c756cc2,0xa7818f994f06546025102fa88dbc53c4c8357e7d,0x3fc91a3afd70395cd496c647d5a6cc9d4b2b7fad,236998068439563673,0xe17f6250a363f07b4747263d468d033b8cdef36cb7a88c7ca96392753892e83f,340,18978723
0xdac17f958d2ee523a2206206994597c13d831ec7,0x51c72848c68a965f66fa7a88855f9f7784502a7f,0xad30f7eebd9bd5150a256f47da41d4403033cdf0,6418351,0xf7a30b7ef77f575b9a14e684311fbc9b1d1dc806bfd8aa2ad2a72cc20bebd1f4,145,18978723
0x6de037ef9ad2725eb40118bb1702ebb27e4aeb24,0x5bdf85216ec1e38d6458c870992a69e38e03f7ef,0x27468a0dfe979a0503d5e2ab16915b40187d2da3,8220000000000000000,0x1632532d099494fedc60dce0bce5349e38fc2522552a80670c9c1599d99add6f,46,18978723
0x6de037ef9ad2725eb40118bb1702ebb27e4aeb24,0x22f9dcf4647084d6c31b2765f6910cd85c178c18,0xe936f0073549ad8b1fa53583600d629ba9375161,254463402556039656359,0x88ea21ad076cb72b9334624f9b5741d8a9ac4a2b679ece9a72ffe3590c9178ec,238,18978723
0xc02aaa39b223fe8d0a0e5c4f27ead9083c756cc2,0x1111111254eeb25477b68fb85ed929f73a960582,0xd2777f7bb45a98d84f5f6f5dc368ac453ca73b5a,412900000000000000,0xb0891f90a28fbff39ec3ac5621146a7136f44998ef933fd5f4f264acd2776abc,491,18978723
0x2a85556a6701a02e75bc4de8ec340c6de1b29f72,0xd912b7c94173fb1106633183cc218e0bbcad11ba,0xa7818f994f06546025102fa88dbc53c4c8357e7d,41613785955191435600849,0xe17f6250a363f07b4747263d468d033b8cdef36cb7a88c7ca96392753892e83f,341,18978723
0xdac17f958d2ee523a2206206994597c13d831ec7,0x74de5d4fcbf63e00296fd95d33236b9794016631,0x0704d174ea2f56d8d5fd1f421f3e7b8b2b1ef0df,9169073908,0xf7a30b7ef77f575b9a14e684311fbc9b1d1dc806bfd8aa2ad2a72cc20bebd1f4,149,18978723
0xa0b86991c6218b36c1d19d4a2e9eb0ce3606eb48,0x063ed6f59bd44d8bc99c3b170a3d52b49dcbcfff,0x217ffbe2d33e6a636f9316612a51fb756958a963,5366790000,0x396ba2af1ef327c9e1b0e31763a1b6117038fc55af31fcd40312870cf029de15,47,18978723
0xdac17f958d2ee523a2206206994597c13d831ec7,0x16169e18779afa64014948ec29053727417e7f63,0x299f96d9cedc08f88f3e43f2c441909dbc22953b,85000000,0x4e41b8df1e37d7a2ec5602f0d81bcea19f3cab812ad3e12f6aeff2fa6c7d5ee1,243,18978723
0xdac17f958d2ee523a2206206994597c13d831ec7,0xc7bbec68d12a0d1830360f8ec58fa599ba1b0e9b,0x3d4d081d44de67029aca2ed7656fad1ac68fbb26,389377577,0x1c03c438ad5fd4391174de619835ab3b2ef3654e82ffa3ce0179cd64f2c8dd2a,492,18978723
0xa0b86991c6218b36c1d19d4a2e9eb0ce3606eb48,0x88e6a0c2ddd26feeb64f039a2c41296fcb3f5640,0xd912b7c94173fb1106633183cc218e0bbcad11ba,586938588,0xe17f6250a363f07b4747263d468d033b8cdef36cb7a88c7ca96392753892e83f,343,18978723
0x8a6d4c8735371ebaf8874fbd518b56edd66024eb,0xa12e1462d0ced572f396f58b6e2d03894cd7c8a4,0x48c04ed5691981c42154c6167398f95e8f38a7ff,2290884509785175363772483,0x649aadac8034e494179b734dfe99302dbc663e55008eca131b223f9dac5aecca,152,18978723
0xc18360217d8f7ab5e7c516566761ea12ce7f9d72,0x8d4d9fb97d8a4c4711b9293e09ea58d976b9a55d,0xe37e799d5077682fa0a244d46e5649f71457bd09,59712273920019008800,0x55a56abb5ff0eae747014eb9e0935eb3b2af05f460d82e67f78eed654f0df756,48,18978723
0xc02aaa39b223fe8d0a0e5c4f27ead9083c756cc2,0xdef1c0ded9bec7f1a1670819833240f027b25eff,0x8f1b19622a888c53c8ee4f7d7b4dc8f574ff9068,920121510315046200,0x6a3672b1b3970b9dc5cf594d30138ac018edb39e77925d1e31f8ac41dde4365e,245,18978723
0xc02aaa39b223fe8d0a0e5c4f27ead9083c756cc2,0xe30062750007002400ba00c47e004a0600e500fb,0xc7bbec68d12a0d1830360f8ec58fa599ba1b0e9b,157183715820312500,0x1c03c438ad5fd4391174de619835ab3b2ef3654e82ffa3ce0179cd64f2c8dd2a,493,18978723
0xc02aaa39b223fe8d0a0e5c4f27ead9083c756cc2,0x3fc91a3afd70395cd496c647d5a6cc9d4b2b7fad,0x88e6a0c2ddd26feeb64f039a2c41296fcb3f5640,236998068439563673,0xe17f6250a363f07b4747263d468d033b8cdef36cb7a88c7ca96392753892e83f,344,18978723
0xc18360217d8f7ab5e7c516566761ea12ce7f9d72,0xd1c4d25b35ba2611fb22df0f7276d114931c2923,0xa9d1e08c7793af67e9d92fe308d5697fb81d3e43,2251240000000000000000,0x0b93f5bf8c3c6489838174f0dd89f4bbe4238cb583f2eae3d49034c042151af5,155,18978723
0xc18360217d8f7ab5e7c516566761ea12ce7f9d72,0xe37e799d5077682fa0a244d46e5649f71457bd09,0xc566940cf6ddbf6836185a6ba9edf2c00e84d362,1194245478400380176,0x55a56abb5ff0eae747014eb9e0935eb3b2af05f460d82e67f78eed654f0df756,50,18978723
0xba386a4ca26b85fd057ab1ef86e3dc7bdeb5ce70,0x8f1b19622a888c53c8ee4f7d7b4dc8f574ff9068,0xcfec1e1eef68b6d5d641b6171fd6296c0d1500a1,8259003248970635849163144926,0x6a3672b1b3970b9dc5cf594d30138ac018edb39e77925d1e31f8ac41dde4365e,246,18978723
0xea01906843ea8d910658a2c485ffce7c104ab2b6,0x3d4d081d44de67029aca2ed7656fad1ac68fbb26,0x2023f4dbefa0318034db5dd3d4a934c79a8da040,2252972906476776755660,0x1c03c438ad5fd4391174de619835ab3b2ef3654e82ffa3ce0179cd64f2c8dd2a,495,18978723
0xd05e3cfe984a00f5d6a1e5b75dee43d7e9ab63c8,0x5dd5f887529db515bdd6cc58def81fde8ab7622b,0x74de5d4fcbf63e00296fd95d33236b9794016631,10000000000000000000000000,0x635db800d636e9494c9ed1b73f285f534ca2a2c96adfacd06f3e7603126f72de,347,18978723
0xc02aaa39b223fe8d0a0e5c4f27ead9083c756cc2,0x1111111254eeb25477b68fb85ed929f73a960582,0x1f964ff83c54ce447adae5cb93f9ec17018bf55b,99125000000000000,0xe2bfcdf5e8736c9c23ea5ceba7f1e103778a28226f8794b7f0e4e06a0febcea2,157,18978723
0xc02aaa39b223fe8d0a0e5c4f27ead9083c756cc2,0xb9c4a5522a2f8ba9e2ff7063df8c02ed443337a3,0xe37e799d5077682fa0a244d46e5649f71457bd09,392768353844457675,0x55a56abb5ff0eae747014eb9e0935eb3b2af05f460d82e67f78eed654f0df756,51,18978723
0x12ef10a4fc6e1ea44b4ca9508760ff51c647bb71,0x2239b652eae482dc3550924bb1e9e679aed884cd,0x8c894d91748a42fc68f681090db06720779a7347,4545249056978574540824,0xce2e903fb80ec7535924b3af203fb3061005cdffd5391c55b3ae8f3321f87b01,249,18978723
0xc02aaa39b223fe8d0a0e5c4f27ead9083c756cc2,0x2023f4dbefa0318034db5dd3d4a934c79a8da040,0xe30062750007002400ba00c47e004a0600e500fb,163613428270544621,0x1c03c438ad5fd4391174de619835ab3b2ef3654e82ffa3ce0179cd64f2c8dd2a,498,18978723
0xc02aaa39b223fe8d0a0e5c4f27ead9083c756cc2,0x91e5b0be8ec7f0f86210931ecc3b34c186d79eff,0x1111111254eeb25477b68fb85ed929f73a960582,355722260987185509,0x635db800d636e9494c9ed1b73f285f534ca2a2c96adfacd06f3e7603126f72de,348,18978723
0xdc349913d53b446485e98b76800b6254f43df695,0x1f964ff83c54ce447adae5cb93f9ec17018bf55b,0x74de5d4fcbf63e00296fd95d33236b9794016631,37110234382706923945806,0xe2bfcdf5e8736c9c23ea5ceba7f1e103778a28226f8794b7f0e4e06a0febcea2,158,18978723
0xc18360217d8f7ab5e7c516566761ea12ce7f9d72,0xe37e799d5077682fa0a244d46e5649f71457bd09,0xb9c4a5522a2f8ba9e2ff7063df8c02ed443337a3,58518028441618628624,0x55a56abb5ff0eae747014eb9e0935eb3b2af05f460d82e67f78eed654f0df756,52,18978723
0xc02aaa39b223fe8d0a0e5c4f27ead9083c756cc2,0x8c894d91748a42fc68f681090db06720779a7347,0x3fc91a3afd70395cd496c647d5a6cc9d4b2b7fad,4487754750520755836,0xce2e903fb80ec7535924b3af203fb3061005cdffd5391c55b3ae8f3321f87b01,250,18978723
0xa0b86991c6218b36c1d19d4a2e9eb0ce3606eb48,0x88e6a0c2ddd26feeb64f039a2c41296fcb3f5640,0x3fc91a3afd70395cd496c647d5a6cc9d4b2b7fad,5007500000,0xc57727b6a4c637770935ff25b6495dd9b1f33f232054465f9b0395bb60e6b9c8,1,18978723
0xd05e3cfe984a00f5d6a1e5b75dee43d7e9ab63c8,0x74de5d4fcbf63e00296fd95d33236b9794016631,0x91e5b0be8ec7f0f86210931ecc3b34c186d79eff,10000000000000000000000000,0x635db800d636e9494c9ed1b73f285f534ca2a2c96adfacd06f3e7603126f72de,349,18978723
0xdc349913d53b446485e98b76800b6254f43df695,0x74de5d4fcbf63e00296fd95d33236b9794016631,0xb93b69644ba3b8cd5628e98d059d38381c7e1a38,36368305131037992532758,0xe2bfcdf5e8736c9c23ea5ceba7f1e103778a28226f8794b7f0e4e06a0febcea2,162,18978723
0xb91a3fd47cfbbd07804e88682bec08101e180096,0xc292b535ab37cbd3001df9ce94ad26ac78484ad8,0xcb63b4ddb9e40aeb1178e8db1de23676473a91e7,2000000000000000,0x932ce596ae2c6c38c412cecbeb7116f380b48d5fea5ff22b8c7bd79bab9a15d9,56,18978723
0x0000000000a39bb272e79075ade125fd351887ac,0x680aaee78f3cdb9893d4d8b89b3eed9745c04904,0x0000000000000000000000000000000000000000,508200000000000000,0xe5e8048ace363311e7bf5f61080187c6f5412ff2ce92e9235f094339d36b121c,254,18978723
0xc02aaa39b223fe8d0a0e5c4f27ead9083c756cc2,0x3fc91a3afd70395cd496c647d5a6cc9d4b2b7fad,0x88e6a0c2ddd26feeb64f039a2c41296fcb3f5640,2023067350171720979,0xc57727b6a4c637770935ff25b6495dd9b1f33f232054465f9b0395bb60e6b9c8,2,18978723
0xc02aaa39b223fe8d0a0e5c4f27ead9083c756cc2,0x3fc91a3afd70395cd496c647d5a6cc9d4b2b7fad,0x2308b672ce1ecd4fcc5f5479a5dbe56a54db17dd,50000000000000000,0xb23db93f255fa6991f5faaf238b761abefe4035e7cf95936aa64952ebb6f9707,357,18978723
0x0000000000a39bb272e79075ade125fd351887ac,0x823d4aa0e355c599438675c287495400a01c89b0,0x0000000000000000000000000000000000000000,70000000000000000,0xed4fa7e3838bcfb1454a197fa7d4a27b6ba0eba6c451a65f938088972dcb1de3,170,18978723
0xc94ebe983bc608acce7b5266c833887c3b0fad53,0xd00ee60e90073596a1702c7b4c3d8aa96368e358,0x3fdf0b84444ae3554c49aed4e5587a6b1d9afe18,198916549000000000,0x932ce596ae2c6c38c412cecbeb7116f380b48d5fea5ff22b8c7bd79bab9a15d9,57,18978723
0xdac17f958d2ee523a2206206994597c13d831ec7,0x129423f6100183c82f20336fcf897d0089101240,0xf8659ee1be8278df29109ff5723bfb1a194056fc,100000000,0x000ccd57981c874eab6af40729971fcdede8700e62bea3d939ea5869a4e9147e,258,18978723
0xa0b86991c6218b36c1d19d4a2e9eb0ce3606eb48,0x3fc91a3afd70395cd496c647d5a6cc9d4b2b7fad,0x27213e28d7fda5c57fe9e5dd923818dbccf71c47,7500000,0xc57727b6a4c637770935ff25b6495dd9b1f33f232054465f9b0395bb60e6b9c8,4,18978723
0xa9049425b938c46ac3e312d4cdaeccb26282aeb2,0x2308b672ce1ecd4fcc5f5479a5dbe56a54db17dd,0xa9049425b938c46ac3e312d4cdaeccb26282aeb2,55771709245908613584,0xb23db93f255fa6991f5faaf238b761abefe4035e7cf95936aa64952ebb6f9707,358,18978723
0xdac17f958d2ee523a2206206994597c13d831ec7,0x144b26b32dfc81c3d1c0b10275742ca5151c7c4a,0x17dade38a1bfed4bd4ef5be684d5896627014c49,1157074231,0x0f9baeeb26198643002b623202e6acf321b3ef0eb7a7508fbc40e8eb214d0066,171,18978723
0xdac17f958d2ee523a2206206994597c13d831ec7,0xd00ee60e90073596a1702c7b4c3d8aa96368e358,0x3fdf0b84444ae3554c49aed4e5587a6b1d9afe18,0,0x932ce596ae2c6c38c412cecbeb7116f380b48d5fea5ff22b8c7bd79bab9a15d9,58,18978723
0xc02aaa39b223fe8d0a0e5c4f27ead9083c756cc2,0x32121e0d11ecc79035045bc7466ede30816c5674,0x3fc91a3afd70395cd496c647d5a6cc9d4b2b7fad,68671464674878223,0x5d9043144d471f725646effedda89fbc7f2d201f2e9497d83483afe8f88b9cdb,260,18978723
0xa0b86991c6218b36c1d19d4a2e9eb0ce3606eb48,0x3fc91a3afd70395cd496c647d5a6cc9d4b2b7fad,0x16a7cf1b739fc45d7ceac90ad6a7582126db4b00,5000000000,0xc57727b6a4c637770935ff25b6495dd9b1f33f232054465f9b0395bb60e6b9c8,5,18978723
0xa9049425b938c46ac3e312d4cdaeccb26282aeb2,0x2308b672ce1ecd4fcc5f5479a5dbe56a54db17dd,0x54cc2484ad2567c059e49a948c428309d54291f4,1059662475672263658097,0xb23db93f255fa6991f5faaf238b761abefe4035e7cf95936aa64952ebb6f9707,359,18978723
0xeac32927cf2785cbe0d515298cab448538a8cdd7,0xeac32927cf2785cbe0d515298cab448538a8cdd7,0x00befcb6fd36dd54127eae3bab1ff39538da49dd,7500000000000,0x32a417d5bf05d6ccd4815d9a9d23180e325a60994808afe9b677174de6cba3aa,176,18978723
0xc94ebe983bc608acce7b5266c833887c3b0fad53,0xa9b25c1588f2ec610599192d439845cd334d92b4,0x927a3647978d9ace47e7a1236f3a5a579f2926d4,2000000000000000000,0x932ce596ae2c6c38c412cecbeb7116f380b48d5fea5ff22b8c7bd79bab9a15d9,59,18978723
0x64bc2ca1be492be7185faa2c8835d9b824c8a194,0x3e390b35700bbbb9a36024f554f8b89c354175a1,0x32121e0d11ecc79035045bc7466ede30816c5674,446795000000000000000,0x5d9043144d471f725646effedda89fbc7f2d201f2e9497d83483afe8f88b9cdb,261,18978723
0xc02aaa39b223fe8d0a0e5c4f27ead9083c756cc2,0x88e6a0c2ddd26feeb64f039a2c41296fcb3f5640,0x51c72848c68a965f66fa7a88855f9f7784502a7f,34723409096338198827,0xdd2d216ede67e520011361e6b25c7608accef6c010a87a8d80849771799a1673,7,18978723
0x5026f006b85729a8b14553fae6af249ad16c9aab,0x7d6c9abeee01fc36f0433c3c895e24697a5ae688,0x2c612d8d5afcdc4eec6fcdf9a6b96c1043297134,1561224103951682878876219,0xfdcc963f526f21da450312c582240eb89f9264492e3423199c20f0b36617b497,362,18978723
0xc02aaa39b223fe8d0a0e5c4f27ead9083c756cc2,0x00befcb6fd36dd54127eae3bab1ff39538da49dd,0x7a250d5630b4cf539739df2c5dacb4c659f2488d,10502492239335723,0x32a417d5bf05d6ccd4815d9a9d23180e325a60994808afe9b677174de6cba3aa,178,18978723
0xdac17f958d2ee523a2206206994597c13d831ec7,0xa9b25c1588f2ec610599192d439845cd334d92b4,0x927a3647978d9ace47e7a1236f3a5a579f2926d4,0,0x932ce596ae2c6c38c412cecbeb7116f380b48d5fea5ff22b8c7bd79bab9a15d9,60,18978723
0xc02aaa39b223fe8d0a0e5c4f27ead9083c756cc2,0x3fc91a3afd70395cd496c647d5a6cc9d4b2b7fad,0x605684b039b373568aeb4871356eefe0eb812ead,140370152259473920,0x13765cce914539eb11863ad9e5c6e04033216bd75c2ed51b7f9cb76016333468,266,18978723
0xa0b86991c6218b36c1d19d4a2e9eb0ce3606eb48,0x51c72848c68a965f66fa7a88855f9f7784502a7f,0x88e6a0c2ddd26feeb64f039a2c41296fcb3f5640,86054687500,0xdd2d216ede67e520011361e6b25c7608accef6c010a87a8d80849771799a1673,8,18978723
0xc02aaa39b223fe8d0a0e5c4f27ead9083c756cc2,0x0869066e8ee776067819ef39a57ef10f7a3c575c,0xb145ba877ee7802a32c0bf2b5a49b4f662005000,440000000000000000,0xd07c6f9c83a380e875031d0f33e195b78f2b86e29b2379d5268ca4ff16f45d67,364,18978723
0xeac32927cf2785cbe0d515298cab448538a8cdd7,0x3c918f2f8ad16ea83e55015cb5d46b6c9555d2e1,0x00befcb6fd36dd54127eae3bab1ff39538da49dd,70611093789633,0x32a417d5bf05d6ccd4815d9a9d23180e325a60994808afe9b677174de6cba3aa,182,18978723
0x227dfbceefdeae5f17061a2a919aa228b27ee792,0xe72b1484dbd7b6996142f0f2c88e4d33f156179a,0xbf4e7578c82c860c097c2ab32a081bd55d95aa02,821663585337437,0x932ce596ae2c6c38c412cecbeb7116f380b48d5fea5ff22b8c7bd79bab9a15d9,61,18978723
0xa3ad8c7ab6b731045b5b16e3fdf77975c71abe79,0x605684b039b373568aeb4871356eefe0eb812ead,0xa3ad8c7ab6b731045b5b16e3fdf77975c71abe79,2870611733294788912831,0x13765cce914539eb11863ad9e5c6e04033216bd75c2ed51b7f9cb76016333468,267,18978723
0x6982508145454ce325ddbe47a25d4ec3d2311933,0x11950d141ecb863f01007add7d1a342041227b58,0xe8cfad4c75a5e1caf939fd80afcf837dde340a69,12572309009199902443568670500,0xca1f6f54ab136cce7af58e2249346b05974d996809f8b16442fcea4bf114474a,10,18978723
0x320ed4c7243e35a00f9ca30a1ae60929d15eae37,0xb145ba877ee7802a32c0bf2b5a49b4f662005000,0x320ed4c7243e35a00f9ca30a1ae60929d15eae37,3096858256921737609759,0xd07c6f9c83a380e875031d0f33e195b78f2b86e29b2379d5268ca4ff16f45d67,365,18978723
0xc02aaa39b223fe8d0a0e5c4f27ead9083c756cc2,0x00befcb6fd36dd54127eae3bab1ff39538da49dd,0x3fc91a3afd70395cd496c647d5a6cc9d4b2b7fad,98420236779793407,0x32a417d5bf05d6ccd4815d9a9d23180e325a60994808afe9b677174de6cba3aa,184,18978723
0xb91a3fd47cfbbd07804e88682bec08101e180096,0x5ea2b24f06b49668da4130ccbb227960be2d6c38,0xc184d416a0d168c62a3001d9cc09e8c530a305a7,710000000000000,0x932ce596ae2c6c38c412cecbeb7116f380b48d5fea5ff22b8c7bd79bab9a15d9,62,18978723
0xa3ad8c7ab6b731045b5b16e3fdf77975c71abe79,0x605684b039b373568aeb4871356eefe0eb812ead,0xc1a6f377099c177246f4886aeb8161bf76204856,54541622932600989343792,0x13765cce914539eb11863ad9e5c6e04033216bd75c2ed51b7f9cb76016333468,268,18978723
0x320ed4c7243e35a00f9ca30a1ae60929d15eae37,0xb145ba877ee7802a32c0bf2b5a49b4f662005000,0x0869066e8ee776067819ef39a57ef10f7a3c575c,58840306881513014585423,0xd07c6f9c83a380e875031d0f33e195b78f2b86e29b2379d5268ca4ff16f45d67,366,18978723
0x38e382f74dfb84608f3c1f10187f6bef5951de93,0x844eb5c280f38c7462316aad3f338ef9bda62668,0x7f46a43efc1f4a411d900443280e9d5068422b1f,961099342490451789593,0xb9027ae6f5949a81f49d6a03b792ab686d8a04780ec463579d1280d864491a26,189,18978723
0x227dfbceefdeae5f17061a2a919aa228b27ee792,0xe72b611807bed28c945520a373e76b882d48179a,0xbf49a02e04128a7e1a1c19756294f556ba96aa02,821663585337437,0x932ce596ae2c6c38c412cecbeb7116f380b48d5fea5ff22b8c7bd79bab9a15d9,63,18978723
0xd90d2ab1763777060be4d0ab08411cf03faea955,0x8a0c45215ea00c5e0324a27869cd3d9abb31e6e5,0x839b86370431bdb9085177fd071b48ce1abc5ba7,50000000000000000000000,0xa4d07d37ca0aa4930ab6b16dffa4e35dc0d9dd9dcdb9024c106e3e4714191db9,289,18978723
0xdac17f958d2ee523a2206206994597c13d831ec7,0x2abeba84bb7685466b8a73c98071c757df1f400a,0xead08250a09d6f6209f6174487f34ac7c5eadccf,200000000,0x68ce37e958664b7f2985c750ab68995a631577faa20d597cf9db11d541f3229b,370,18978723
0xc02aaa39b223fe8d0a0e5c4f27ead9083c756cc2,0x3fc91a3afd70395cd496c647d5a6cc9d4b2b7fad,0x844eb5c280f38c7462316aad3f338ef9bda62668,55887965794746904,0xb9027ae6f5949a81f49d6a03b792ab686d8a04780ec463579d1280d864491a26,190,18978723
0xc94ebe983bc608acce7b5266c833887c3b0fad53,0xd00e4211c31b530b6494ffd39095db7ae29ee358,0x3fd03ed228c58fcea6281bc61736105cfd59fe18,198916549000000000,0x932ce596ae2c6c38c412cecbeb7116f380b48d5fea5ff22b8c7bd79bab9a15d9,64,18978723
0x509a38b7a1cc0dcd83aa9d06214663d9ec7c7f4a,0xbd37ddc387b911fb3b811a5033ae40027010060e,0x6e074b3aa4b1fddda2b0fcb6b4c4c70875b548b3,1601009082938945473351,0xd09e850d34a3b656ca5b3d52da0bdb0103a6a09c2a4780ca570fc1a7f0bdf840,290,18978723
0xf51092fe93b4e9282f42c459f05d93d2d079549e,0x00255f11fdc8358d4238850fdaeb02c63ad7b403,0x28c82cf4e06c36d195c1422af9ca4292edbd686b,51697356075254287192599,0x619bfe51302c300faafac9bdf640d8a5c5799c74f12fe6f34bf2702ddea004e0,371,18978723
0xaea46a60368a7bd060eec7df8cba43b7ef41ad85,0x2bb4654fe4e7534441789f6d4201a1b8ddacaf10,0x22f9dcf4647084d6c31b2765f6910cd85c178c18,452079566003616660000,0xa318a89ed7d1e0a0773f62dacca5cf948a903760e9f578ada435d764c795f740,193,18978723
0xdac17f958d2ee523a2206206994597c13d831ec7,0xd00e4211c31b530b6494ffd39095db7ae29ee358,0x3fd03ed228c58fcea6281bc61736105cfd59fe18,0,0x932ce596ae2c6c38c412cecbeb7116f380b48d5fea5ff22b8c7bd79bab9a15d9,65,18978723
0xdac17f958d2ee523a2206206994597c13d831ec7,0x7627350b3076277629ce884a67cc9be936ad91f8,0x38ea452219524bb87e18de1c24d3bb59510bd783,400260000,0x7a4c098aaa90832892a94ea628c993386b3257ec5436e1feadf7d128a8f09561,297,18978723
0xa0b86991c6218b36c1d19d4a2e9eb0ce3606eb48,0x28c82cf4e06c36d195c1422af9ca4292edbd686b,0x3fc91a3afd70395cd496c647d5a6cc9d4b2b7fad,2565822732,0x619bfe51302c300faafac9bdf640d8a5c5799c74f12fe6f34bf2702ddea004e0,372,18978723
0xc02aaa39b223fe8d0a0e5c4f27ead9083c756cc2,0x744159757cac173a7a3ecf5e97adb10d1a725377,0xe592427a0aece92de3edee1f18e0157c05861564,123039355271012192,0xa318a89ed7d1e0a0773f62dacca5cf948a903760e9f578ada435d764c795f740,195,18978723
0xc94ebe983bc608acce7b5266c833887c3b0fad53,0x5a52b9a7ec4f28f153c3d6e520019fcfaeed6f64,0xf09d8c11fe4e8247be1182a68b3032457f15ea5d,5000000000000000000,0x932ce596ae2c6c38c412cecbeb7116f380b48d5fea5ff22b8c7bd79bab9a15d9,66,18978723
0xe53ec727dbdeb9e2d5456c3be40cff031ab40a55,0xc91cb9e917a0c26b25142438bb495bbee4686db2,0x62ccb80f72cc5c975c5bc7fb4433d3c336ce5ceb,238349062274064798697,0x7c36f478b778c63994d24617db40473bcff9f06565c2813d8195528a83e06369,304,18978723
0xc02aaa39b223fe8d0a0e5c4f27ead9083c756cc2,0x88e6a0c2ddd26feeb64f039a2c41296fcb3f5640,0x3fc91a3afd70395cd496c647d5a6cc9d4b2b7fad,1034999216542214128,0x619bfe51302c300faafac9bdf640d8a5c5799c74f12fe6f34bf2702ddea004e0,375,18978723
0xaea46a60368a7bd060eec7df8cba43b7ef41ad85,0x22f9dcf4647084d6c31b2765f6910cd85c178c18,0x744159757cac173a7a3ecf5e97adb10d1a725377,452079566003616660000,0xa318a89ed7d1e0a0773f62dacca5cf948a903760e9f578ada435d764c795f740,196,18978723
0xdac17f958d2ee523a2206206994597c13d831ec7,0x5a52b9a7ec4f28f153c3d6e520019fcfaeed6f64,0xf09d8c11fe4e8247be1182a68b3032457f15ea5d,0,0x932ce596ae2c6c38c412cecbeb7116f380b48d5fea5ff22b8c7bd79bab9a15d9,67,18978723
0xc02aaa39b223fe8d0a0e5c4f27ead9083c756cc2,0x62ccb80f72cc5c975c5bc7fb4433d3c336ce5ceb,0x5550d13389bb70f45fcef58f19f6b6e87f6e747d,50578649819677537,0x7c36f478b778c63994d24617db40473bcff9f06565c2813d8195528a83e06369,306,18978723
0xa0b86991c6218b36c1d19d4a2e9eb0ce3606eb48,0x3fc91a3afd70395cd496c647d5a6cc9d4b2b7fad,0x88e6a0c2ddd26feeb64f039a2c41296fcb3f5640,2565822732,0x619bfe51302c300faafac9bdf640d8a5c5799c74f12fe6f34bf2702ddea004e0,376,18978723
0xdac17f958d2ee523a2206206994597c13d831ec7,0x11b815efb8f581194ae79006d24e0d814b7697f6,0x22f9dcf4647084d6c31b2765f6910cd85c178c18,304684129,0xa318a89ed7d1e0a0773f62dacca5cf948a903760e9f578ada435d764c795f740,199,18978723
0xb91a3fd47cfbbd07804e88682bec08101e180096,0x6d280365d47544b1ed7f4d94aec7d71cc2ee169a,0x24ad807fcf24a9b504fc67c6322a81a42c48dd37,702115789879819,0x932ce596ae2c6c38c412cecbeb7116f380b48d5fea5ff22b8c7bd79bab9a15d9,68,18978723
0x6bea7cfef803d1e3d5f7c0103f7ded065644e197,0x4006bed7bf103d70a1c6b7f1cef4ad059193dc25,0x00255f11fdc8358d4238850fdaeb02c63ad7b403,23200320920599542279601,0x619bfe51302c300faafac9bdf640d8a5c5799c74f12fe6f34bf2702ddea004e0,378,18978723
0xc02aaa39b223fe8d0a0e5c4f27ead9083c756cc2,0xe592427a0aece92de3edee1f18e0157c05861564,0x11b815efb8f581194ae79006d24e0d814b7697f6,123039355271012192,0xa318a89ed7d1e0a0773f62dacca5cf948a903760e9f578ada435d764c795f740,200,18978723
0xc94ebe983bc608acce7b5266c833887c3b0fad53,0xa9b6fc3a665bf6c2e886ac1307d6d7b105b192b4,0x927a364f10feb93ca31c5ca1182474939f2926d4,2000000000000000000,0x932ce596ae2c6c38c412cecbeb7116f380b48d5fea5ff22b8c7bd79bab9a15d9,69,18978723
0xc02aaa39b223fe8d0a0e5c4f27ead9083c756cc2,0x3fc91a3afd70395cd496c647d5a6cc9d4b2b7fad,0x4006bed7bf103d70a1c6b7f1cef4ad059193dc25,1034999216542214128,0x619bfe51302c300faafac9bdf640d8a5c5799c74f12fe6f34bf2702ddea004e0,379,18978723
0xdac17f958d2ee523a2206206994597c13d831ec7,0x22f9dcf4647084d6c31b2765f6910cd85c178c18,0xad01c20d5886137e056775af56915de824c8fce5,295647,0xa318a89ed7d1e0a0773f62dacca5cf948a903760e9f578ada435d764c795f740,203,18978723
0x6e8908cfa881c9f6f2c64d3436e7b80b1bf0093f,0x65a8f07bd9a8598e1b5b6c0a88f4779dbc077675,0xcc290a463aa1c2afd36990f1eec40b734c3bf3f3,44513218785967881887472,0x375d38fb65fbb86353aced142899b7155773a1804553f3b1b3b4b69a8325e99a,71,18978723
0x6089184c7890d6cddf631c8009fb6ad908a89728,0x593039d2f45e22c323f6ea8011860b0a0ead5008,0x6089184c7890d6cddf631c8009fb6ad908a89728,180277563773199464654961,0x673ac5c473a5be3a903737dd9b262cb9c0f5ffc76a831f980bffc139add7a925,383,18978723
0xdac17f958d2ee523a2206206994597c13d831ec7,0x22f9dcf4647084d6c31b2765f6910cd85c178c18,0x2bb4654fe4e7534441789f6d4201a1b8ddacaf10,304388482,0xa318a89ed7d1e0a0773f62dacca5cf948a903760e9f578ada435d764c795f740,204,18978723
0xc02aaa39b223fe8d0a0e5c4f27ead9083c756cc2,0xcc290a463aa1c2afd36990f1eec40b734c3bf3f3,0x65a8f07bd9a8598e1b5b6c0a88f4779dbc077675,413951508426309170,0x375d38fb65fbb86353aced142899b7155773a1804553f3b1b3b4b69a8325e99a,73,18978723
0x6089184c7890d6cddf631c8009fb6ad908a89728,0x6089184c7890d6cddf631c8009fb6ad908a89728,0x0000000000000000000000000000000000000000,180277563773199464654961,0x673ac5c473a5be3a903737dd9b262cb9c0f5ffc76a831f980bffc139add7a925,384,18978723
0xdac17f958d2ee523a2206206994597c13d831ec7,0x6bd7ab36d09ade5702a5bd91f84a14c928800f36,0x2e739b6c84b325bb9ca0d4a6eabb1d18b778fbe8,4915487800,0x3052a92cc9e6a08187c9020ff60caa1f383291b0104173f3ce81a1a84437408d,206,18978723
0xc02aaa39b223fe8d0a0e5c4f27ead9083c756cc2,0x3fc91a3afd70395cd496c647d5a6cc9d4b2b7fad,0x2cc846fff0b08fb3bffad71f53a60b4b6e6d6482,3237647640937641,0x20254aa6871d198c803c99c942328b6e7503c33359c69fda90046d363c706317,77,18978723
0x403f90783be147353f078a05a578840e0ed5c615,0x6089184c7890d6cddf631c8009fb6ad908a89728,0x593039d2f45e22c323f6ea8011860b0a0ead5008,8355882337874707680425015727,0x673ac5c473a5be3a903737dd9b262cb9c0f5ffc76a831f980bffc139add7a925,385,18978723
0xc02aaa39b223fe8d0a0e5c4f27ead9083c756cc2,0x3fc91a3afd70395cd496c647d5a6cc9d4b2b7fad,0x91c40d69e2f957adc48adeaa541ee4a099832367,510923200000000000,0x89a2e523f762ba2e4e0e0c6a86f9c07aaedd019ef81cb095b3ec752440f756f3,208,18978723
0x72e4f9f808c49a2a61de9c5896298920dc4eeea9,0x2cc846fff0b08fb3bffad71f53a60b4b6e6d6482,0x0a265f4c5bec0acc2d508b8c05481ec7fc42ceac,8000000000,0x20254aa6871d198c803c99c942328b6e7503c33359c69fda90046d363c706317,78,18978723
0xc02aaa39b223fe8d0a0e5c4f27ead9083c756cc2,0x6089184c7890d6cddf631c8009fb6ad908a89728,0x593039d2f45e22c323f6ea8011860b0a0ead5008,3988933931187668672,0x673ac5c473a5be3a903737dd9b262cb9c0f5ffc76a831f980bffc139add7a925,386,18978723
0x426aedbed16726e3f220cb4fed4d4060b95cca46,0x91c40d69e2f957adc48adeaa541ee4a099832367,0x426aedbed16726e3f220cb4fed4d4060b95cca46,2375931971836211174604515,0x89a2e523f762ba2e4e0e0c6a86f9c07aaedd019ef81cb095b3ec752440f756f3,209,18978723
0x423eb9b126ebd071cb2b5f827f41f3db02a1e510,0xe79f93f5a1964cc8ba8bf78ef29485079cdbaa4e,0x59da62063eb61a25836682e8a3855c138ca11fb7,265686976557700612474,0x299aa4e513fe809d5618553e40b15f7632a6e7de1aaf6c2446020c26c9a2756c,83,18978723
0x0000000000a39bb272e79075ade125fd351887ac,0x7728f3d2416dc0c6b363362301ada72e98ff1956,0x0000000000000000000000000000000000000000,14680000000000000000,0xce5ec7f58b16905a18df8e9a8229f9ad2fa5b635de3e05236a260ced6979ef6f,389,18978723
0x426aedbed16726e3f220cb4fed4d4060b95cca46,0x91c40d69e2f957adc48adeaa541ee4a099832367,0x8b785d37b1724ca9d3ea2025e1b6fc99bd0e584c,105620975838900660398328010,0x89a2e523f762ba2e4e0e0c6a86f9c07aaedd019ef81cb095b3ec752440f756f3,210,18978723
0xc02aaa39b223fe8d0a0e5c4f27ead9083c756cc2,0x3fc91a3afd70395cd496c647d5a6cc9d4b2b7fad,0xe79f93f5a1964cc8ba8bf78ef29485079cdbaa4e,764682357762629200,0x299aa4e513fe809d5618553e40b15f7632a6e7de1aaf6c2446020c26c9a2756c,84,18978723
0xc02aaa39b223fe8d0a0e5c4f27ead9083c756cc2,0xd322a49006fc828f9b5b37ab215f99b4e5cab19c,0x4d5f47fa6a74757f35c14fd3a6ef8e3c9bc514e8,800000000000000000,0xef2c05d62ddb87f59e6540a6cdaa95d030d87e5e5c5ad42ae84121e09193e02f,393,18978723
0x06450dee7fd2fb8e39061434babcfc05599a6fb8,0x542b1cebd9855e8ba0a74c837275dbcbbbd84aff,0xc0d776e2223c9a2ad13433dab7ec08cb9c5e76ae,200000000000000000000000000,0x78eed74f8224fde2978558efc73d4affb807d0dcfe9c835fa1c7a6dadd1d7fd7,86,18978723
0x4d5f47fa6a74757f35c14fd3a6ef8e3c9bc514e8,0x0000000000000000000000000000000000000000,0x37ffe93c07b80062454dcca32c4c0971956ab0bd,800075316165327461,0xef2c05d62ddb87f59e6540a6cdaa95d030d87e5e5c5ad42ae84121e09193e02f,394,18978723
0xc02aaa39b223fe8d0a0e5c4f27ead9083c756cc2,0xc0d776e2223c9a2ad13433dab7ec08cb9c5e76ae,0x3fc91a3afd70395cd496c647d5a6cc9d4b2b7fad,31335656824333025,0x78eed74f8224fde2978558efc73d4affb807d0dcfe9c835fa1c7a6dadd1d7fd7,87,18978723
0xc02aaa39b223fe8d0a0e5c4f27ead9083c756cc2,0x3fc91a3afd70395cd496c647d5a6cc9d4b2b7fad,0x4759c648cdd86aaf7fede659eeeb9e7b07503969,112000000000000000,0x0e2a25c43775f59ab2244731fd8a9f9ba9b3ee295fce1b4ab6b82814249454fe,398,18978723
0x6982508145454ce325ddbe47a25d4ec3d2311933,0xdfd5293d8e347dfe59e90efd55b2956a1343963d,0x478271c960137418c9d90082dddbf68aa72e4367,8078255328000000000000000000,0x135de4e8d49c388e101d9a9c5d63e460759f3edf5f880632a34daea71d126bfe,91,18978723
0xa364a9f85f61dc5e3118be282a23edc5e09f62ac,0x4759c648cdd86aaf7fede659eeeb9e7b07503969,0xc2cca9add94064117e8a40c74aa0ea9284292dc8,392429628068572459276,0x0e2a25c43775f59ab2244731fd8a9f9ba9b3ee295fce1b4ab6b82814249454fe,399,18978723
0xdac17f958d2ee523a2206206994597c13d831ec7,0x21a31ee1afc51d94c2efccaa2092ad1028285549,0xfa103c21ea2df71dfb92b0652f8b1d795e51cdef,1528208770000,0x13c581c198135ceb5feaf6494e07f0827fc4ddb0bb3061d2d07a9e1fc78c53e4,92,18978723
0x6982508145454ce325ddbe47a25d4ec3d2311933,0xf6593a5105da1c5fa13a4c3d15b6a5eda403f840,0x60d7c482a6abef5deb422bc00fde7ea906d1011d,15513207773767232502420000,0x716c21bf5a9ccb465a1f7590bc94c0e7654bc53021441e6bd91bde5ae84a0f3e,404,18978723
0xdac17f958d2ee523a2206206994597c13d831ec7,0xe64678131aca0457028ed0ddaf736db7b85ddacb,0xb327f5b0b04ac1273df13fd479608e0d45077f4d,998925755,0x68be8c2c397175b857eb5bfea4b83f94495aea8a7f1390d37c853ede15225312,93,18978723
0xc52fafdc900cb92ae01e6e4f8979af7f436e2eb2,0xb59fbc56bf72a733ed40333ec9bcc248560d5813,0xc88deb1ce0bc4a4306b7f20be2abd28ad3a5c8d1,1500000000000000000000,0x2364fb982ab7dee8e7faf5d0a06031b8ceb4bfbbf38496ccabebc8134344f608,407,18978723
0xdac17f958d2ee523a2206206994597c13d831ec7,0xebc93e7621a3bde0d8ff8b096271a25baa838455,0x5cf2b04421cb189a6cc1e89c4cfd32e4c8e939bc,9804500000,0x1e55a320a773461ef06d992e905723e8ad5aa6db13952be992f38296e8597f5b,94,18978723
0xc02aaa39b223fe8d0a0e5c4f27ead9083c756cc2,0xc88deb1ce0bc4a4306b7f20be2abd28ad3a5c8d1,0x3fc91a3afd70395cd496c647d5a6cc9d4b2b7fad,235740733094968526,0x2364fb982ab7dee8e7faf5d0a06031b8ceb4bfbbf38496ccabebc8134344f608,408,18978723
0xdac17f958d2ee523a2206206994597c13d831ec7,0x9696f59e4d72e237be84ffd425dcad154bf96976,0x38df83c72429accfe4e4ccd50ffca079e026b129,2981000000,0x97ea3dab9ca31f0aaf409cfe9bb2ff473579abb520a5d3f667cde4b768f5b8d0,95,18978723
0xdac17f958d2ee523a2206206994597c13d831ec7,0xaeb70cbc59361665dce0e2829c198b3cdc9729f3,0x567008c61619e9b6ae8660b9037051513df8706d,900000000,0xedcc257decc4c3fdda145ea138a611bc1a0a206820ed8de2a7f092f399a6873e,97,18978723
0xdac17f958d2ee523a2206206994597c13d831ec7,0x4c9af439b1a6761b8e549d8d226a468a6b2803a8,0xe8a29a5364da8fc2601d152d82153d07a384eb28,23840000,0x70295ed3434635d16ceddccd01811aab7bb26837459db0bab3c547d719bead71,98,18978723
0x5b7ed1ef8d194efcdc1a23cd587d38966817f1a7,0x3f2a95985abd37293da1bbdea38515ee34d2f35e,0xb9246e8007f0b7f86adb389c81918026b2065d90,1000000000,0x6f581673278093835de57d98accf9737b2eb592db6ef6bdc048495deb79a56a0,102,18978723
0x3e77e0881bba7161e767c6c3eaa7ba1f489d55f2,0x6d97a85661051061b0bbd79f6b1c8d8007c79e9e,0xc0ad21b655cf7b3ce85c7d0ec400969d3b453362,100000000000,0x6f581673278093835de57d98accf9737b2eb592db6ef6bdc048495deb79a56a0,103,18978723
0x5524a6f7d70899e60fcd133bf8be0e594acfe7f2,0x62cf59b5bc1b944d3eef1e696d24b045671555f9,0x2bc3be197d8d4ba8b261c143190b1f47de572ee5,27294310000000000,0x6f581673278093835de57d98accf9737b2eb592db6ef6bdc048495deb79a56a0,104,18978723
0x5b7ed1ef8d194efcdc1a23cd587d38966817f1a7,0xf4b366e1d451d964575c1e2003e914e8d1b0e9bb,0x2d97064190b9972858349f30e95bd337597246f0,1000000000,0x6f581673278093835de57d98accf9737b2eb592db6ef6bdc048495deb79a56a0,105,18978723
0x5b7ed1ef8d194efcdc1a23cd587d38966817f1a7,0x77e6257fb7b782e2a293ac7e6c7adb113f2807c0,0xcb2535c73b82a15d757275563f5ba1fe7d385e2f,4778480000,0x6f581673278093835de57d98accf9737b2eb592db6ef6bdc048495deb79a56a0,106,18978723
0x3e77e0881bba7161e767c6c3eaa7ba1f489d55f2,0x2b91d004e0ff4cbcb7856cde25e8d2f18e7936db,0x8cf036e7a01d0a7be2ce946f6e66c989ce11d4cd,5800000000,0x6f581673278093835de57d98accf9737b2eb592db6ef6bdc048495deb79a56a0,107,18978723
0x5b7ed1ef8d194efcdc1a23cd587d38966817f1a7,0xbcd87dd62e3af158fe982c91e3d106a52e4d5fcb,0xe2ac20475bdb08673130dc1325287cf58c212435,58500000000,0x6f581673278093835de57d98accf9737b2eb592db6ef6bdc048495deb79a56a0,108,18978723
0x5b7ed1ef8d194efcdc1a23cd587d38966817f1a7,0xb8c4b6579532b3b007499f67057282231927ae21,0x92d371ebca0743895c70b96532e3a0ea7a8b9b45,160000000,0x6f581673278093835de57d98accf9737b2eb592db6ef6bdc048495deb79a56a0,109,18978723
0x5b7ed1ef8d194efcdc1a23cd587d38966817f1a7,0x42fe92a720e2e8de2abbe582288f724046255c45,0x74878ec7e6f3047c5bec4ea24a75c4b2c397fce4,46341339603,0x6f581673278093835de57d98accf9737b2eb592db6ef6bdc048495deb79a56a0,110,18978723
